{
    "data": {
      "maker": "Your username",
      "description": "A description of your packs",
      "compatibility": "list other required packs here (stand-alone if none)",
      "download": "The download to your packs",
      "support": "A link to your support server (null of none)"
    },
    "packs": {
      "template": {
        "order": [
            "origin 1 name",
            "origin 2 name",
            "origin 3 name"
        ],
        "description": "A teplate for you to add your own",
        "placement notes": "Must be applied above all origin packs.",
        "order placement": 0,
        "origins": {
          "human": {
            "display-name": "The name you want the bot to display",
            "description": "Origin Description",
            "impact": "none/low/medium/high",
            "icon_path": "./data/replace with your pack name/origin_icons/ replace with file name",
            "color": {
              "delete me": "embed color",
              "r": 255,
              "g": 255,
              "b": 255
            },
            "powers": {"Power name": "Power description"},
            "neutrals": {"neutral name": "Neutral description"},
            "downsides": {"Downside name": "Downside description"},
            "cosmetics": {"Cosmetic name": "Cosmetic description"}
            },


            "example": {
              "display-name": "Example Origin",
              "description": "An example origin for you to format your own",
              "impact": "none",
              "icon_path": "./data/template/origin_icons/example.png",
              "color": {
                "r": 179,
                "g": 71,
                "b": 9
              },
              "powers": {"Example power": "This is an example power all powers here gets `[+]` added to the front when displayed"},
              "neutrals": {"Example neutral": "This is an example neutral all neutrals here gets `[=]` added to the front when displayed"},
              "downsides": {"Example downside": "This is an example downside all downsides here gets `[-]` added to the front when displayed"},
              "cosmetics": {"Example cosmetic": "This is an example cosmetic all cosmetics here gets `[$]` added to the front when displayed"}
            }
        }
    }
}
}